mode,feature_set,feature_set_desc,condition,condition_desc,classifier,n_seeds,kappa_mean,kappa_std,kappa_ci_lo,kappa_ci_hi,acc_mean,acc_std,acc_ci_lo,acc_ci_hi,f1_asphyxia_mean,f1_asphyxia_std,f1_deaf_mean,f1_deaf_std,f1_hunger_mean,f1_hunger_std,f1_normal_mean,f1_normal_std,f1_pain_mean,f1_pain_std,sensitivity_mean,sensitivity_std,sensitivity_ci_lo,sensitivity_ci_hi,specificity_mean,specificity_std,specificity_ci_lo,specificity_ci_hi,auc_mean,auc_std,auc_ci_lo,auc_ci_hi,f1_healthy_mean,f1_healthy_std,f1_pathology_mean,f1_pathology_std
multiclass,B,comp+EEFGabor (sin FOSP),S-1s,StratifiedKFold aleatorio — 1s_X (baseline literatura),MLP,5,0.8928,0.0025,0.8906,0.8969,0.92,0.0018,0.9184,0.923,0.9377,0.0043,0.9941,0.0023,0.8147,0.0072,0.9437,0.0044,0.6769,0.0087,,,,,,,,,,,,,,,,
multiclass,B,comp+EEFGabor (sin FOSP),S-1s,StratifiedKFold aleatorio — 1s_X (baseline literatura),SVM-lineal,5,0.8719,0.0044,0.8644,0.8753,0.9044,0.0033,0.8987,0.9069,0.9212,0.0024,0.9991,0.0011,0.7682,0.0138,0.9309,0.004,0.6231,0.0093,,,,,,,,,,,,,,,,
multiclass,B,comp+EEFGabor (sin FOSP),S-1s,StratifiedKFold aleatorio — 1s_X (baseline literatura),SVM-RBF,5,0.9106,0.0024,0.908,0.9145,0.9333,0.0018,0.9313,0.9362,0.9489,0.0033,0.9977,0.0005,0.8474,0.0049,0.9521,0.0023,0.7067,0.0068,,,,,,,,,,,,,,,,
multiclass,B,comp+EEFGabor (sin FOSP),S-1s,StratifiedKFold aleatorio — 1s_X (baseline literatura),SVM-polinomial,5,0.9045,0.0027,0.902,0.9087,0.9287,0.002,0.9269,0.9319,0.9431,0.0031,0.9943,0.0005,0.8441,0.0062,0.9408,0.003,0.7181,0.0134,,,,,,,,,,,,,,,,
multiclass,B,comp+EEFGabor (sin FOSP),S-1s,StratifiedKFold aleatorio — 1s_X (baseline literatura),kNN,5,0.8452,0.004,0.841,0.8518,0.8834,0.003,0.8802,0.8884,0.9169,0.0047,0.9716,0.002,0.7652,0.0094,0.8806,0.0036,0.6775,0.0117,,,,,,,,,,,,,,,,
multiclass,B,comp+EEFGabor (sin FOSP),S-1s,StratifiedKFold aleatorio — 1s_X (baseline literatura),RandomForest,5,0.9144,0.0034,0.9094,0.9188,0.9362,0.0025,0.9324,0.9394,0.937,0.0026,0.9914,0.0012,0.8638,0.006,0.9482,0.0023,0.7787,0.0169,,,,,,,,,,,,,,,,
multiclass,B,comp+EEFGabor (sin FOSP),G-1s,GroupKFold por grabación — 1s_X (leakage controlado),MLP,5,0.8897,0.0038,0.8836,0.8936,0.9177,0.0028,0.9132,0.9206,0.932,0.0018,0.9941,0.0015,0.814,0.0104,0.9392,0.0042,0.6733,0.0105,,,,,,,,,,,,,,,,
multiclass,B,comp+EEFGabor (sin FOSP),G-1s,GroupKFold por grabación — 1s_X (leakage controlado),SVM-lineal,5,0.8775,0.0026,0.8739,0.8814,0.9086,0.002,0.9059,0.9115,0.9253,0.0007,0.9993,0.0002,0.7795,0.0078,0.934,0.0,0.6367,0.0092,,,,,,,,,,,,,,,,
multiclass,B,comp+EEFGabor (sin FOSP),G-1s,GroupKFold por grabación — 1s_X (leakage controlado),SVM-RBF,5,0.9102,0.0016,0.9084,0.912,0.933,0.0012,0.9317,0.9343,0.9496,0.0015,0.9982,0.0004,0.8458,0.0035,0.9521,0.0018,0.7015,0.0073,,,,,,,,,,,,,,,,
multiclass,B,comp+EEFGabor (sin FOSP),G-1s,GroupKFold por grabación — 1s_X (leakage controlado),SVM-polinomial,5,0.9068,0.0025,0.9033,0.91,0.9304,0.0019,0.9278,0.9328,0.948,0.0031,0.995,0.0004,0.8447,0.0036,0.9435,0.0019,0.7198,0.0079,,,,,,,,,,,,,,,,
multiclass,B,comp+EEFGabor (sin FOSP),G-1s,GroupKFold por grabación — 1s_X (leakage controlado),kNN,5,0.8559,0.0058,0.8487,0.8642,0.8915,0.0044,0.8861,0.8978,0.9209,0.0031,0.9717,0.0025,0.7867,0.0085,0.8903,0.0054,0.6974,0.0143,,,,,,,,,,,,,,,,
multiclass,B,comp+EEFGabor (sin FOSP),G-1s,GroupKFold por grabación — 1s_X (leakage controlado),RandomForest,5,0.9179,0.0013,0.9162,0.9196,0.9388,0.0009,0.9375,0.94,0.9416,0.0017,0.992,0.0002,0.8695,0.0032,0.9495,0.0015,0.7843,0.0089,,,,,,,,,,,,,,,,
multiclass,C,FOSP+comp+EEFGabor (sin reduc.),S-1s,StratifiedKFold aleatorio — 1s_X (baseline literatura),MLP,5,0.8834,0.0057,0.8777,0.8925,0.913,0.0042,0.9088,0.9197,0.9283,0.0032,0.9935,0.0017,0.7977,0.011,0.9329,0.0056,0.6721,0.0208,,,,,,,,,,,,,,,,
multiclass,C,FOSP+comp+EEFGabor (sin reduc.),S-1s,StratifiedKFold aleatorio — 1s_X (baseline literatura),SVM-lineal,5,0.863,0.0036,0.8585,0.8684,0.8977,0.0027,0.8944,0.9018,0.9134,0.005,0.9991,0.0008,0.7545,0.0089,0.9235,0.0035,0.6025,0.0196,,,,,,,,,,,,,,,,
multiclass,C,FOSP+comp+EEFGabor (sin reduc.),S-1s,StratifiedKFold aleatorio — 1s_X (baseline literatura),SVM-RBF,5,0.9049,0.0018,0.9025,0.9071,0.9291,0.0013,0.9273,0.9307,0.9455,0.0053,0.9934,0.001,0.8418,0.0017,0.9479,0.0026,0.7031,0.0077,,,,,,,,,,,,,,,,
multiclass,C,FOSP+comp+EEFGabor (sin reduc.),S-1s,StratifiedKFold aleatorio — 1s_X (baseline literatura),SVM-polinomial,5,0.9,0.0046,0.8952,0.9076,0.9253,0.0034,0.9217,0.931,0.9398,0.003,0.9951,0.0003,0.8366,0.0075,0.9411,0.0036,0.6951,0.0199,,,,,,,,,,,,,,,,
multiclass,C,FOSP+comp+EEFGabor (sin reduc.),S-1s,StratifiedKFold aleatorio — 1s_X (baseline literatura),kNN,5,0.8298,0.0099,0.8136,0.8408,0.8712,0.0076,0.8588,0.8795,0.9105,0.0062,0.9581,0.0027,0.764,0.0202,0.8677,0.0124,0.6642,0.0207,,,,,,,,,,,,,,,,
multiclass,C,FOSP+comp+EEFGabor (sin reduc.),S-1s,StratifiedKFold aleatorio — 1s_X (baseline literatura),RandomForest,5,0.909,0.003,0.9045,0.9128,0.9321,0.0022,0.9288,0.935,0.9329,0.0037,0.9907,0.0011,0.858,0.0052,0.9417,0.0029,0.7691,0.0082,,,,,,,,,,,,,,,,
multiclass,C,FOSP+comp+EEFGabor (sin reduc.),G-1s,GroupKFold por grabación — 1s_X (leakage controlado),MLP,5,0.882,0.0038,0.8773,0.8875,0.9119,0.0028,0.9085,0.916,0.9227,0.0056,0.9917,0.0006,0.8039,0.0048,0.9288,0.006,0.6775,0.006,,,,,,,,,,,,,,,,
multiclass,C,FOSP+comp+EEFGabor (sin reduc.),G-1s,GroupKFold por grabación — 1s_X (leakage controlado),SVM-lineal,5,0.8611,0.0006,0.8601,0.8617,0.8963,0.0004,0.8956,0.8968,0.9091,0.0007,0.9977,0.0,0.7569,0.002,0.9149,0.0,0.6183,0.0041,,,,,,,,,,,,,,,,
multiclass,C,FOSP+comp+EEFGabor (sin reduc.),G-1s,GroupKFold por grabación — 1s_X (leakage controlado),SVM-RBF,5,0.9054,0.0014,0.9042,0.9076,0.9295,0.001,0.9286,0.9311,0.9438,0.0008,0.994,0.0003,0.8429,0.0036,0.9462,0.0005,0.7113,0.0087,,,,,,,,,,,,,,,,
multiclass,C,FOSP+comp+EEFGabor (sin reduc.),G-1s,GroupKFold por grabación — 1s_X (leakage controlado),SVM-polinomial,5,0.9046,0.0013,0.9027,0.9061,0.9287,0.0009,0.9273,0.9299,0.9406,0.0028,0.9943,0.0,0.8451,0.0044,0.9458,0.0022,0.7118,0.0021,,,,,,,,,,,,,,,,
multiclass,C,FOSP+comp+EEFGabor (sin reduc.),G-1s,GroupKFold por grabación — 1s_X (leakage controlado),kNN,5,0.8427,0.0039,0.8382,0.8482,0.881,0.0031,0.8775,0.8852,0.9198,0.0051,0.9599,0.0032,0.7848,0.0064,0.885,0.0053,0.6727,0.0092,,,,,,,,,,,,,,,,
multiclass,C,FOSP+comp+EEFGabor (sin reduc.),G-1s,GroupKFold por grabación — 1s_X (leakage controlado),RandomForest,5,0.9135,0.0022,0.9108,0.9165,0.9354,0.0016,0.9335,0.9377,0.9336,0.0051,0.9909,0.001,0.8669,0.0034,0.9419,0.0041,0.7914,0.0125,,,,,,,,,,,,,,,,
multiclass,D,FOSP+comp+EEFGabor (k=60),S-1s,StratifiedKFold aleatorio — 1s_X (baseline literatura),MLP,5,0.8988,0.0047,0.8944,0.9069,0.9245,0.0035,0.9213,0.9305,0.9378,0.0014,0.9918,0.0017,0.8313,0.0114,0.9412,0.0032,0.7147,0.0167,,,,,,,,,,,,,,,,
multiclass,D,FOSP+comp+EEFGabor (k=60),S-1s,StratifiedKFold aleatorio — 1s_X (baseline literatura),SVM-lineal,5,0.875,0.0033,0.87,0.8784,0.9066,0.0025,0.9028,0.9091,0.9266,0.0036,0.9947,0.0011,0.7709,0.012,0.9279,0.0021,0.6667,0.0114,,,,,,,,,,,,,,,,
multiclass,D,FOSP+comp+EEFGabor (k=60),S-1s,StratifiedKFold aleatorio — 1s_X (baseline literatura),SVM-RBF,5,0.905,0.0011,0.9033,0.9061,0.929,0.0008,0.9278,0.9299,0.9389,0.0029,0.9954,0.001,0.836,0.0049,0.9466,0.0016,0.7318,0.0092,,,,,,,,,,,,,,,,
multiclass,D,FOSP+comp+EEFGabor (k=60),S-1s,StratifiedKFold aleatorio — 1s_X (baseline literatura),SVM-polinomial,5,0.9027,0.003,0.8982,0.9066,0.9272,0.0023,0.9239,0.9302,0.9412,0.004,0.9968,0.0012,0.8281,0.0026,0.9435,0.005,0.7267,0.0071,,,,,,,,,,,,,,,,
multiclass,D,FOSP+comp+EEFGabor (k=60),S-1s,StratifiedKFold aleatorio — 1s_X (baseline literatura),kNN,5,0.8854,0.0078,0.874,0.8945,0.9141,0.0059,0.9055,0.9209,0.9329,0.0076,0.9899,0.0021,0.8124,0.0151,0.9233,0.0038,0.7121,0.0224,,,,,,,,,,,,,,,,
multiclass,D,FOSP+comp+EEFGabor (k=60),S-1s,StratifiedKFold aleatorio — 1s_X (baseline literatura),RandomForest,5,0.9067,0.0028,0.9043,0.9115,0.9303,0.0021,0.9286,0.9339,0.9447,0.0052,0.9902,0.0012,0.8382,0.0115,0.952,0.0027,0.7431,0.0123,,,,,,,,,,,,,,,,
multiclass,D,FOSP+comp+EEFGabor (k=60),G-1s,GroupKFold por grabación — 1s_X (leakage controlado),MLP,5,0.9038,0.0028,0.9003,0.9077,0.9282,0.0021,0.9257,0.9311,0.9453,0.0067,0.9892,0.0006,0.8395,0.0047,0.9446,0.0029,0.7355,0.0123,,,,,,,,,,,,,,,,
multiclass,D,FOSP+comp+EEFGabor (k=60),G-1s,GroupKFold por grabación — 1s_X (leakage controlado),SVM-lineal,5,0.8776,0.0033,0.8748,0.8822,0.9086,0.0025,0.9065,0.9121,0.9339,0.0025,0.9922,0.0004,0.7773,0.0064,0.9296,0.002,0.6684,0.0115,,,,,,,,,,,,,,,,
multiclass,D,FOSP+comp+EEFGabor (k=60),G-1s,GroupKFold por grabación — 1s_X (leakage controlado),SVM-RBF,5,0.9111,0.0024,0.9076,0.9138,0.9336,0.0018,0.931,0.9356,0.9432,0.0009,0.9952,0.0003,0.8457,0.0054,0.9495,0.0005,0.7546,0.0091,,,,,,,,,,,,,,,,
multiclass,D,FOSP+comp+EEFGabor (k=60),G-1s,GroupKFold por grabación — 1s_X (leakage controlado),SVM-polinomial,5,0.9103,0.0024,0.907,0.9132,0.933,0.0018,0.9305,0.9351,0.9373,0.0036,0.9969,0.0003,0.8515,0.0042,0.9434,0.0025,0.7575,0.0057,,,,,,,,,,,,,,,,
multiclass,D,FOSP+comp+EEFGabor (k=60),G-1s,GroupKFold por grabación — 1s_X (leakage controlado),kNN,5,0.8861,0.001,0.8844,0.887,0.9146,0.0008,0.9133,0.9153,0.9345,0.0011,0.9872,0.0013,0.8141,0.0068,0.9266,0.004,0.7169,0.0078,,,,,,,,,,,,,,,,
multiclass,D,FOSP+comp+EEFGabor (k=60),G-1s,GroupKFold por grabación — 1s_X (leakage controlado),RandomForest,5,0.9122,0.0032,0.9077,0.9165,0.9344,0.0024,0.931,0.9377,0.9443,0.0034,0.9905,0.0013,0.8523,0.0054,0.9532,0.0021,0.7625,0.0073,,,,,,,,,,,,,,,,
multiclass,E,FOSP+comp+EEFGabor (FisherVec),S-1s,StratifiedKFold aleatorio — 1s_X (baseline literatura),MLP,5,0.9247,0.0039,0.9204,0.9309,0.9438,0.0029,0.9406,0.9484,0.9526,0.0046,0.9946,0.0012,0.8783,0.0051,0.9547,0.0061,0.7877,0.0145,,,,,,,,,,,,,,,,
multiclass,E,FOSP+comp+EEFGabor (FisherVec),S-1s,StratifiedKFold aleatorio — 1s_X (baseline literatura),SVM-lineal,5,0.9079,0.0042,0.9032,0.9139,0.9314,0.0031,0.9279,0.9358,0.9349,0.0076,0.9933,0.001,0.8546,0.0111,0.9446,0.0033,0.7435,0.0198,,,,,,,,,,,,,,,,
multiclass,E,FOSP+comp+EEFGabor (FisherVec),S-1s,StratifiedKFold aleatorio — 1s_X (baseline literatura),SVM-RBF,5,0.9181,0.0077,0.9063,0.9278,0.9391,0.0056,0.9306,0.9462,0.9476,0.0025,0.9839,0.0067,0.8774,0.0069,0.9537,0.0036,0.7857,0.0179,,,,,,,,,,,,,,,,
multiclass,E,FOSP+comp+EEFGabor (FisherVec),S-1s,StratifiedKFold aleatorio — 1s_X (baseline literatura),SVM-polinomial,5,0.9143,0.0065,0.9038,0.922,0.9362,0.0048,0.9285,0.9418,0.9429,0.0037,0.9841,0.0049,0.8807,0.011,0.9437,0.004,0.7822,0.0169,,,,,,,,,,,,,,,,
multiclass,E,FOSP+comp+EEFGabor (FisherVec),S-1s,StratifiedKFold aleatorio — 1s_X (baseline literatura),kNN,5,0.9186,0.0044,0.9128,0.9248,0.9391,0.0033,0.9347,0.9437,0.9507,0.0063,0.9919,0.0031,0.8707,0.0091,0.9527,0.0037,0.7796,0.0079,,,,,,,,,,,,,,,,
multiclass,E,FOSP+comp+EEFGabor (FisherVec),S-1s,StratifiedKFold aleatorio — 1s_X (baseline literatura),RandomForest,5,0.9019,0.0023,0.8987,0.9051,0.9268,0.0017,0.9244,0.9293,0.9344,0.0009,0.9892,0.0011,0.8559,0.005,0.9336,0.0034,0.7346,0.0152,,,,,,,,,,,,,,,,
multiclass,E,FOSP+comp+EEFGabor (FisherVec),G-1s,GroupKFold por grabación — 1s_X (leakage controlado),MLP,5,0.9315,0.0028,0.9281,0.9358,0.9489,0.0021,0.9463,0.9521,0.9553,0.002,0.9955,0.0009,0.8881,0.0074,0.9566,0.003,0.8146,0.0107,,,,,,,,,,,,,,,,
multiclass,E,FOSP+comp+EEFGabor (FisherVec),G-1s,GroupKFold por grabación — 1s_X (leakage controlado),SVM-lineal,5,0.9159,0.0047,0.9089,0.9224,0.9373,0.0035,0.9321,0.9422,0.9459,0.0049,0.9937,0.0015,0.8633,0.0079,0.9508,0.0041,0.7607,0.0159,,,,,,,,,,,,,,,,
multiclass,E,FOSP+comp+EEFGabor (FisherVec),G-1s,GroupKFold por grabación — 1s_X (leakage controlado),SVM-RBF,5,0.9238,0.0053,0.92,0.9332,0.9433,0.0039,0.9406,0.9502,0.9523,0.0016,0.9863,0.0051,0.8824,0.0086,0.9552,0.003,0.806,0.0109,,,,,,,,,,,,,,,,
multiclass,E,FOSP+comp+EEFGabor (FisherVec),G-1s,GroupKFold por grabación — 1s_X (leakage controlado),SVM-polinomial,5,0.9186,0.0051,0.9127,0.9252,0.9394,0.0038,0.9349,0.9443,0.9432,0.0056,0.9842,0.0018,0.887,0.0063,0.9455,0.0081,0.804,0.0048,,,,,,,,,,,,,,,,
multiclass,E,FOSP+comp+EEFGabor (FisherVec),G-1s,GroupKFold por grabación — 1s_X (leakage controlado),kNN,5,0.9254,0.0058,0.919,0.9345,0.9442,0.0044,0.9393,0.951,0.9535,0.0051,0.9934,0.0017,0.8854,0.0118,0.9504,0.0043,0.8036,0.0163,,,,,,,,,,,,,,,,
multiclass,E,FOSP+comp+EEFGabor (FisherVec),G-1s,GroupKFold por grabación — 1s_X (leakage controlado),RandomForest,5,0.9034,0.0032,0.8996,0.9071,0.928,0.0024,0.9251,0.9307,0.9317,0.0046,0.9879,0.0008,0.8616,0.0075,0.9337,0.0026,0.7472,0.0128,,,,,,,,,,,,,,,,
binary,B,comp+EEFGabor (sin FOSP),S-1s,StratifiedKFold aleatorio — 1s_X (baseline literatura),MLP,5,0.9512,0.0038,0.946,0.9554,0.9757,0.0019,0.9732,0.9779,,,,,,,,,,,0.9834,0.0027,0.9797,0.9867,0.9668,0.0011,0.9657,0.9684,0.9972,0.0003,0.9969,0.9977,0.9736,0.002,0.9776,0.0018
binary,B,comp+EEFGabor (sin FOSP),S-1s,StratifiedKFold aleatorio — 1s_X (baseline literatura),SVM-lineal,5,0.8877,0.0032,0.8831,0.8908,0.9442,0.0016,0.9419,0.9457,,,,,,,,,,,0.9483,0.002,0.9453,0.9507,0.9394,0.0017,0.9372,0.9417,0.9874,0.0007,0.9868,0.9886,0.9396,0.0017,0.9481,0.0015
binary,B,comp+EEFGabor (sin FOSP),S-1s,StratifiedKFold aleatorio — 1s_X (baseline literatura),SVM-RBF,5,0.9548,0.0048,0.9482,0.962,0.9776,0.0024,0.9743,0.9811,,,,,,,,,,,0.9934,0.0024,0.9904,0.9972,0.9592,0.0027,0.9554,0.9626,0.9966,0.0004,0.9963,0.9973,0.9754,0.0026,0.9795,0.0022
binary,B,comp+EEFGabor (sin FOSP),S-1s,StratifiedKFold aleatorio — 1s_X (baseline literatura),SVM-polinomial,5,0.9499,0.0025,0.9476,0.953,0.9751,0.0012,0.974,0.9766,,,,,,,,,,,0.9829,0.0018,0.9798,0.9844,0.9661,0.0019,0.9638,0.9676,0.996,0.0005,0.9954,0.9967,0.9729,0.0013,0.977,0.0011
binary,B,comp+EEFGabor (sin FOSP),S-1s,StratifiedKFold aleatorio — 1s_X (baseline literatura),kNN,5,0.9303,0.003,0.9267,0.9349,0.9653,0.0015,0.9635,0.9676,,,,,,,,,,,0.9652,0.0027,0.961,0.9686,0.9655,0.0032,0.9611,0.9693,0.9938,0.0003,0.9934,0.994,0.9626,0.0016,0.9677,0.0014
binary,B,comp+EEFGabor (sin FOSP),S-1s,StratifiedKFold aleatorio — 1s_X (baseline literatura),RandomForest,5,0.9506,0.0044,0.9443,0.9562,0.9755,0.0022,0.9724,0.9783,,,,,,,,,,,0.9916,0.001,0.9902,0.9926,0.9567,0.0045,0.9515,0.9626,0.9976,0.0003,0.9971,0.9981,0.973,0.0025,0.9775,0.002
binary,B,comp+EEFGabor (sin FOSP),G-1s,GroupKFold por grabación — 1s_X (leakage controlado),MLP,5,0.953,0.0057,0.9447,0.9605,0.9766,0.0028,0.9725,0.9804,,,,,,,,,,,0.9821,0.0042,0.9773,0.9888,0.9703,0.0024,0.9668,0.9732,0.9977,0.0002,0.9975,0.9979,0.9746,0.003,0.9783,0.0026
binary,B,comp+EEFGabor (sin FOSP),G-1s,GroupKFold por grabación — 1s_X (leakage controlado),SVM-lineal,5,0.8986,0.002,0.8956,0.9006,0.9496,0.001,0.9481,0.9506,,,,,,,,,,,0.9527,0.0024,0.9494,0.9556,0.9459,0.0027,0.942,0.9485,0.9886,0.0001,0.9884,0.9887,0.9455,0.0011,0.9531,0.0009
binary,B,comp+EEFGabor (sin FOSP),G-1s,GroupKFold por grabación — 1s_X (leakage controlado),SVM-RBF,5,0.9552,0.0004,0.9547,0.9556,0.9778,0.0002,0.9775,0.978,,,,,,,,,,,0.9939,0.0004,0.9934,0.9943,0.959,0.0,0.959,0.959,0.9968,0.0001,0.9967,0.9971,0.9756,0.0002,0.9796,0.0002
binary,B,comp+EEFGabor (sin FOSP),G-1s,GroupKFold por grabación — 1s_X (leakage controlado),SVM-polinomial,5,0.9508,0.0009,0.9495,0.952,0.9756,0.0004,0.9749,0.9761,,,,,,,,,,,0.9834,0.0006,0.9828,0.9843,0.9664,0.0011,0.9648,0.9676,0.9965,0.0001,0.9964,0.9967,0.9734,0.0005,0.9774,0.0004
binary,B,comp+EEFGabor (sin FOSP),G-1s,GroupKFold por grabación — 1s_X (leakage controlado),kNN,5,0.9312,0.0042,0.9273,0.9381,0.9658,0.0021,0.9638,0.9692,,,,,,,,,,,0.9642,0.0031,0.9594,0.9672,0.9676,0.0037,0.9629,0.9721,0.9944,0.0002,0.9942,0.9947,0.9632,0.0023,0.968,0.002
binary,B,comp+EEFGabor (sin FOSP),G-1s,GroupKFold por grabación — 1s_X (leakage controlado),RandomForest,5,0.9522,0.0037,0.9477,0.9572,0.9763,0.0018,0.9741,0.9787,,,,,,,,,,,0.9898,0.0015,0.9878,0.9917,0.9605,0.0038,0.9555,0.9655,0.9979,0.0001,0.9977,0.998,0.974,0.0021,0.9782,0.0017
binary,C,FOSP+comp+EEFGabor (sin reduc.),S-1s,StratifiedKFold aleatorio — 1s_X (baseline literatura),MLP,5,0.9405,0.0083,0.9269,0.9491,0.9705,0.0041,0.9637,0.9747,,,,,,,,,,,0.981,0.0036,0.9751,0.985,0.9582,0.0049,0.9502,0.9628,0.9966,0.0005,0.996,0.9972,0.9677,0.0045,0.9727,0.0038
binary,C,FOSP+comp+EEFGabor (sin reduc.),S-1s,StratifiedKFold aleatorio — 1s_X (baseline literatura),SVM-lineal,5,0.879,0.0094,0.8666,0.8911,0.9399,0.0047,0.9336,0.9459,,,,,,,,,,,0.9437,0.006,0.9362,0.9512,0.9354,0.005,0.9306,0.9439,0.9871,0.0011,0.9863,0.989,0.935,0.005,0.944,0.0044
binary,C,FOSP+comp+EEFGabor (sin reduc.),S-1s,StratifiedKFold aleatorio — 1s_X (baseline literatura),SVM-RBF,5,0.9466,0.0043,0.9394,0.9509,0.9735,0.0021,0.97,0.9757,,,,,,,,,,,0.9921,0.0015,0.9896,0.9934,0.952,0.0032,0.9471,0.9552,0.9959,0.0003,0.9954,0.9964,0.9708,0.0024,0.9758,0.0019
binary,C,FOSP+comp+EEFGabor (sin reduc.),S-1s,StratifiedKFold aleatorio — 1s_X (baseline literatura),SVM-polinomial,5,0.9482,0.0031,0.9443,0.952,0.9743,0.0015,0.9723,0.9761,,,,,,,,,,,0.9759,0.002,0.9724,0.9778,0.9724,0.0026,0.9681,0.9751,0.9954,0.0004,0.9948,0.9958,0.9722,0.0016,0.976,0.0014
binary,C,FOSP+comp+EEFGabor (sin reduc.),S-1s,StratifiedKFold aleatorio — 1s_X (baseline literatura),kNN,5,0.92,0.0045,0.9144,0.9262,0.9601,0.0023,0.9573,0.9632,,,,,,,,,,,0.9472,0.0057,0.9404,0.9557,0.9752,0.0026,0.9717,0.9788,0.9919,0.0008,0.9913,0.9933,0.9577,0.0022,0.9623,0.0023
binary,C,FOSP+comp+EEFGabor (sin reduc.),S-1s,StratifiedKFold aleatorio — 1s_X (baseline literatura),RandomForest,5,0.9477,0.0027,0.9451,0.9524,0.9741,0.0013,0.9728,0.9764,,,,,,,,,,,0.991,0.0005,0.9902,0.9917,0.9544,0.0024,0.9524,0.9585,0.9971,0.0003,0.9968,0.9976,0.9715,0.0015,0.9762,0.0012
binary,C,FOSP+comp+EEFGabor (sin reduc.),G-1s,GroupKFold por grabación — 1s_X (leakage controlado),MLP,5,0.9453,0.0039,0.9424,0.9521,0.9728,0.0019,0.9714,0.9762,,,,,,,,,,,0.9795,0.0024,0.977,0.9827,0.9651,0.0035,0.9595,0.9692,0.997,0.0003,0.9967,0.9974,0.9705,0.0021,0.9749,0.0018
binary,C,FOSP+comp+EEFGabor (sin reduc.),G-1s,GroupKFold por grabación — 1s_X (leakage controlado),SVM-lineal,5,0.886,0.0021,0.8831,0.889,0.9433,0.0011,0.9419,0.9448,,,,,,,,,,,0.947,0.0011,0.9459,0.9489,0.939,0.0013,0.9372,0.9408,0.9889,0.0001,0.9887,0.9891,0.9387,0.0012,0.9472,0.001
binary,C,FOSP+comp+EEFGabor (sin reduc.),G-1s,GroupKFold por grabación — 1s_X (leakage controlado),SVM-RBF,5,0.9479,0.0011,0.9467,0.9492,0.9742,0.0005,0.9735,0.9748,,,,,,,,,,,0.9913,0.0004,0.991,0.9918,0.9542,0.0009,0.9533,0.9552,0.9963,0.0002,0.9961,0.9966,0.9716,0.0006,0.9763,0.0005
binary,C,FOSP+comp+EEFGabor (sin reduc.),G-1s,GroupKFold por grabación — 1s_X (leakage controlado),SVM-polinomial,5,0.9493,0.0007,0.9486,0.9502,0.9748,0.0003,0.9744,0.9753,,,,,,,,,,,0.9767,0.0007,0.9762,0.9778,0.9725,0.0004,0.9724,0.9732,0.9957,0.0001,0.9956,0.9959,0.9727,0.0003,0.9765,0.0003
binary,C,FOSP+comp+EEFGabor (sin reduc.),G-1s,GroupKFold por grabación — 1s_X (leakage controlado),kNN,5,0.9217,0.0025,0.9188,0.9254,0.9609,0.0013,0.9595,0.9628,,,,,,,,,,,0.9462,0.0035,0.9413,0.9512,0.9781,0.0018,0.9762,0.9807,0.9938,0.0001,0.9937,0.994,0.9586,0.0012,0.963,0.0013
binary,C,FOSP+comp+EEFGabor (sin reduc.),G-1s,GroupKFold por grabación — 1s_X (leakage controlado),RandomForest,5,0.9515,0.003,0.9463,0.9538,0.9759,0.0015,0.9734,0.9771,,,,,,,,,,,0.9913,0.0008,0.9902,0.9925,0.9581,0.0032,0.9528,0.9617,0.9974,0.0001,0.9972,0.9975,0.9736,0.0017,0.9779,0.0013
binary,D,FOSP+comp+EEFGabor (k=60),S-1s,StratifiedKFold aleatorio — 1s_X (baseline literatura),MLP,5,0.9345,0.004,0.9294,0.9408,0.9675,0.002,0.9649,0.9706,,,,,,,,,,,0.9739,0.0011,0.9723,0.9753,0.96,0.0032,0.9563,0.9652,0.9954,0.0005,0.9946,0.9958,0.9646,0.0022,0.9699,0.0018
binary,D,FOSP+comp+EEFGabor (k=60),S-1s,StratifiedKFold aleatorio — 1s_X (baseline literatura),SVM-lineal,5,0.8823,0.0061,0.8741,0.888,0.9415,0.003,0.9375,0.9444,,,,,,,,,,,0.9534,0.0038,0.9472,0.9565,0.9277,0.0028,0.9232,0.9303,0.9832,0.001,0.9819,0.9846,0.9362,0.0033,0.946,0.0029
binary,D,FOSP+comp+EEFGabor (k=60),S-1s,StratifiedKFold aleatorio — 1s_X (baseline literatura),SVM-RBF,5,0.9367,0.0028,0.9333,0.9394,0.9686,0.0014,0.9669,0.97,,,,,,,,,,,0.9885,0.0012,0.987,0.9901,0.9455,0.0018,0.9429,0.9475,0.9934,0.0004,0.9927,0.9939,0.9653,0.0015,0.9713,0.0013
binary,D,FOSP+comp+EEFGabor (k=60),S-1s,StratifiedKFold aleatorio — 1s_X (baseline literatura),SVM-polinomial,5,0.929,0.0021,0.9263,0.932,0.9648,0.001,0.9635,0.9664,,,,,,,,,,,0.9906,0.0029,0.9878,0.9954,0.9348,0.0027,0.9323,0.938,0.9928,0.0006,0.9921,0.9938,0.9609,0.0011,0.968,0.001
binary,D,FOSP+comp+EEFGabor (k=60),S-1s,StratifiedKFold aleatorio — 1s_X (baseline literatura),kNN,5,0.9294,0.0064,0.9201,0.9369,0.9649,0.0032,0.9602,0.9686,,,,,,,,,,,0.9644,0.0038,0.9598,0.9687,0.9655,0.0035,0.9602,0.9685,0.9928,0.0009,0.9917,0.9939,0.9622,0.0034,0.9673,0.003
binary,D,FOSP+comp+EEFGabor (k=60),S-1s,StratifiedKFold aleatorio — 1s_X (baseline literatura),RandomForest,5,0.9346,0.0017,0.9325,0.9361,0.9675,0.0009,0.9665,0.9683,,,,,,,,,,,0.9811,0.0014,0.9796,0.9833,0.9518,0.0021,0.9496,0.955,0.9959,0.0003,0.9954,0.9963,0.9645,0.001,0.9701,0.0008
binary,D,FOSP+comp+EEFGabor (k=60),G-1s,GroupKFold por grabación — 1s_X (leakage controlado),MLP,5,0.9379,0.0073,0.9259,0.9456,0.9691,0.0036,0.9632,0.973,,,,,,,,,,,0.9757,0.0033,0.9709,0.9801,0.9615,0.005,0.9539,0.9673,0.996,0.0005,0.9951,0.9966,0.9665,0.004,0.9714,0.0034
binary,D,FOSP+comp+EEFGabor (k=60),G-1s,GroupKFold por grabación — 1s_X (leakage controlado),SVM-lineal,5,0.8787,0.0021,0.8752,0.8809,0.9398,0.0011,0.938,0.9409,,,,,,,,,,,0.9519,0.0022,0.9486,0.9547,0.9256,0.0013,0.9238,0.9275,0.9839,0.0002,0.9837,0.9841,0.9343,0.0011,0.9444,0.001
binary,D,FOSP+comp+EEFGabor (k=60),G-1s,GroupKFold por grabación — 1s_X (leakage controlado),SVM-RBF,5,0.9385,0.0016,0.9368,0.941,0.9695,0.0008,0.9687,0.9708,,,,,,,,,,,0.9897,0.0008,0.9886,0.9909,0.946,0.0015,0.9439,0.9476,0.9935,0.0001,0.9933,0.9937,0.9663,0.0009,0.9721,0.0007
binary,D,FOSP+comp+EEFGabor (k=60),G-1s,GroupKFold por grabación — 1s_X (leakage controlado),SVM-polinomial,5,0.9242,0.0007,0.9234,0.9251,0.9624,0.0003,0.9621,0.9629,,,,,,,,,,,0.9882,0.0004,0.9877,0.9885,0.9325,0.0007,0.9315,0.9333,0.9932,0.0002,0.9929,0.9934,0.9583,0.0004,0.9658,0.0003
binary,D,FOSP+comp+EEFGabor (k=60),G-1s,GroupKFold por grabación — 1s_X (leakage controlado),kNN,5,0.9286,0.0026,0.9256,0.9317,0.9645,0.0013,0.963,0.966,,,,,,,,,,,0.9634,0.002,0.9607,0.9655,0.9657,0.0013,0.9639,0.9675,0.9914,0.0004,0.9911,0.9919,0.9617,0.0014,0.9668,0.0012
binary,D,FOSP+comp+EEFGabor (k=60),G-1s,GroupKFold por grabación — 1s_X (leakage controlado),RandomForest,5,0.9367,0.0028,0.932,0.9395,0.9686,0.0014,0.9663,0.97,,,,,,,,,,,0.9816,0.0013,0.9803,0.9835,0.9535,0.0026,0.9498,0.9569,0.996,0.0002,0.9958,0.9963,0.9656,0.0016,0.9711,0.0013
binary,E,FOSP+comp+EEFGabor (FisherVec),S-1s,StratifiedKFold aleatorio — 1s_X (baseline literatura),MLP,5,0.9723,0.0034,0.9676,0.9773,0.9862,0.0017,0.9839,0.9887,,,,,,,,,,,0.9884,0.0011,0.987,0.99,0.9838,0.0037,0.9801,0.9898,0.9974,0.0013,0.9956,0.999,0.9851,0.0018,0.9872,0.0015
binary,E,FOSP+comp+EEFGabor (FisherVec),S-1s,StratifiedKFold aleatorio — 1s_X (baseline literatura),SVM-lineal,5,0.9468,0.0042,0.9433,0.954,0.9735,0.0021,0.9718,0.9771,,,,,,,,,,,0.9762,0.0012,0.9747,0.9778,0.9704,0.0038,0.9685,0.9771,0.9894,0.0017,0.9868,0.9913,0.9714,0.0023,0.9754,0.0019
binary,E,FOSP+comp+EEFGabor (FisherVec),S-1s,StratifiedKFold aleatorio — 1s_X (baseline literatura),SVM-RBF,5,0.9659,0.0031,0.9619,0.9696,0.9831,0.0015,0.9811,0.9849,,,,,,,,,,,0.9897,0.0028,0.9877,0.9945,0.9754,0.0026,0.9733,0.9789,0.9972,0.0006,0.9966,0.9981,0.9816,0.0017,0.9843,0.0014
binary,E,FOSP+comp+EEFGabor (FisherVec),S-1s,StratifiedKFold aleatorio — 1s_X (baseline literatura),SVM-polinomial,5,0.9596,0.0111,0.9421,0.9713,0.9799,0.0055,0.9712,0.9858,,,,,,,,,,,0.9828,0.0118,0.9646,0.9957,0.9765,0.0021,0.9743,0.979,0.996,0.001,0.9954,0.9977,0.9783,0.0058,0.9813,0.0053
binary,E,FOSP+comp+EEFGabor (FisherVec),S-1s,StratifiedKFold aleatorio — 1s_X (baseline literatura),kNN,5,0.9587,0.0047,0.9525,0.9644,0.9795,0.0024,0.9764,0.9823,,,,,,,,,,,0.9821,0.0031,0.9774,0.9858,0.9764,0.0024,0.9735,0.9798,0.9971,0.0004,0.9966,0.9977,0.9778,0.0025,0.9809,0.0022
binary,E,FOSP+comp+EEFGabor (FisherVec),S-1s,StratifiedKFold aleatorio — 1s_X (baseline literatura),RandomForest,5,0.9497,0.0014,0.9476,0.9511,0.975,0.0007,0.974,0.9757,,,,,,,,,,,0.9911,0.001,0.9902,0.9925,0.9563,0.0007,0.9553,0.9571,0.9968,0.0003,0.9964,0.9972,0.9726,0.0008,0.9771,0.0007
binary,E,FOSP+comp+EEFGabor (FisherVec),G-1s,GroupKFold por grabación — 1s_X (leakage controlado),MLP,5,0.9721,0.0031,0.9682,0.976,0.9862,0.0015,0.9842,0.9881,,,,,,,,,,,0.9882,0.0018,0.9854,0.9901,0.9838,0.002,0.981,0.9857,0.9979,0.0009,0.9969,0.9992,0.985,0.0016,0.9871,0.0014
binary,E,FOSP+comp+EEFGabor (FisherVec),G-1s,GroupKFold por grabación — 1s_X (leakage controlado),SVM-lineal,5,0.9493,0.0028,0.946,0.9529,0.9748,0.0014,0.9731,0.9766,,,,,,,,,,,0.9772,0.0023,0.9746,0.9801,0.972,0.0019,0.9697,0.9749,0.9918,0.0008,0.9906,0.9927,0.9727,0.0015,0.9766,0.0013
binary,E,FOSP+comp+EEFGabor (FisherVec),G-1s,GroupKFold por grabación — 1s_X (leakage controlado),SVM-RBF,5,0.9679,0.0022,0.9648,0.9706,0.984,0.0011,0.9825,0.9854,,,,,,,,,,,0.9905,0.0015,0.9879,0.9918,0.9765,0.001,0.9753,0.978,0.9976,0.0004,0.9972,0.9981,0.9826,0.0012,0.9852,0.001
binary,E,FOSP+comp+EEFGabor (FisherVec),G-1s,GroupKFold por grabación — 1s_X (leakage controlado),SVM-polinomial,5,0.9634,0.0054,0.9576,0.9705,0.9818,0.0027,0.9789,0.9854,,,,,,,,,,,0.988,0.0047,0.9815,0.994,0.9746,0.0035,0.969,0.9781,0.9964,0.0004,0.9958,0.997,0.9803,0.0029,0.9832,0.0025
binary,E,FOSP+comp+EEFGabor (FisherVec),G-1s,GroupKFold por grabación — 1s_X (leakage controlado),kNN,5,0.9608,0.0017,0.9585,0.9634,0.9805,0.0009,0.9794,0.9818,,,,,,,,,,,0.9847,0.0013,0.9829,0.9861,0.9756,0.0023,0.9718,0.978,0.9955,0.0004,0.9948,0.996,0.9789,0.0009,0.9819,0.0008
binary,E,FOSP+comp+EEFGabor (FisherVec),G-1s,GroupKFold por grabación — 1s_X (leakage controlado),RandomForest,5,0.9499,0.0022,0.9476,0.9528,0.9751,0.0011,0.974,0.9766,,,,,,,,,,,0.99,0.002,0.9878,0.9932,0.9579,0.0007,0.9571,0.9589,0.9969,0.0002,0.9966,0.9972,0.9727,0.0012,0.9772,0.001
